{"mean": [0.28762227296829224, 0.30476319789886475, 0.29902932047843933], "std": [0.1458164006471634, 0.13490280508995056, 0.12950508296489716]}